id,title,draft_type,draft_status,series_id,campaign_id
878eb446-72a0-4b08-aa9d-a165ae0ec6c1,Threequels,0,3,ce01a65e-2290-4a9b-baeb-05a5a7445004,
f3185436-63da-46e3-84e6-aad5c0cc300c,Bourne mini-Super Draft,4,3,0e8866ba-632e-4ae2-8226-d91406826dd6,
93582b7e-da97-46a3-a1fb-773845af3a96,1975 Best Picture,4,3,98230a04-18a1-40d6-80cc-f04ab17eed95,
5fe78b83-894a-4001-8384-c8ae57fd8c5d,Summer Camp,0,3,aa752d8b-5658-42fc-877b-3de2bee2c611,
ea8a8ef5-6372-4faf-a73f-eb0512abef2e,Visitors From Another Planet,0,3,ce01a65e-2290-4a9b-baeb-05a5a7445004,
d957a8c4-c2d0-4cbb-898b-5ca199fdef1f,Pirates of the Caribbean mini-Super Draft,4,3,0e8866ba-632e-4ae2-8226-d91406826dd6,
e1a97f66-d36e-4190-a0bf-2ff3eb823389,Christopher Plummer,0,3,73f2b38e-2c68-4c65-997d-1e7091682e34,
357ca841-6152-4baf-b38c-a98b1feed053,1950 Best Picture,4,3,98230a04-18a1-40d6-80cc-f04ab17eed95,
31e8bae2-02fc-44a7-9832-92420205e3eb,Comedians First Dramas,0,3,aa752d8b-5658-42fc-877b-3de2bee2c611,
302b2148-cc0f-4e7e-8f3b-b2ef762dab74,Audrey Hepburn,0,3,ce01a65e-2290-4a9b-baeb-05a5a7445004,
fc029407-d1a4-4962-bc96-9a28cd93c173,Twilight mini-Super Draft,4,3,0e8866ba-632e-4ae2-8226-d91406826dd6,
ea28379e-8b51-4d8c-ba30-d327cac1af05,Richard Donner,0,3,73f2b38e-2c68-4c65-997d-1e7091682e34,
e9cdc2ee-e320-4457-a966-903c406ac74a,Summer '82,0,3,aa752d8b-5658-42fc-877b-3de2bee2c611,
5c9b1a87-8a97-49d6-b24a-eec66c9e45fb,Horror Sequels,0,3,ce01a65e-2290-4a9b-baeb-05a5a7445004,2fc8dd91-75eb-4213-8838-a3c7f46c88f4
81bf79f6-72b1-4264-bbc0-84b610abc69b,Final Destination mini-Super Draft,4,3,0e8866ba-632e-4ae2-8226-d91406826dd6,
71cf5c14-7ffc-440d-b643-c2ecd92969b5,Stephen Sondheim,0,3,73f2b38e-2c68-4c65-997d-1e7091682e34,
300d1a69-7bfe-4d5c-927f-e2efa08ff742,Parker Posey,0,3,aa752d8b-5658-42fc-877b-3de2bee2c611,
53ca0528-d400-4006-b085-bb611e964d43,Teen Horror (Millennial Edition),0,3,ce01a65e-2290-4a9b-baeb-05a5a7445004,f832aa21-1ab3-4914-bf7e-748644ef7c0a
948d154e-363f-4677-95cb-6fe0260049b7,Jurassic Park / World mini-Super Draft,4,3,0e8866ba-632e-4ae2-8226-d91406826dd6,
526ad671-8154-4ec4-b6fd-a85f178f1aa1,Betty White,0,3,73f2b38e-2c68-4c65-997d-1e7091682e34,
9e7dece2-c9d3-4756-9126-1a9beeba7d4b,Stephen King Horror Adaptations,0,3,ce01a65e-2290-4a9b-baeb-05a5a7445004,f832aa21-1ab3-4914-bf7e-748644ef7c0a
9bf34cbc-51b7-4153-8c38-ce7910c230a2,Hannibal mini-Super Draft,4,3,0e8866ba-632e-4ae2-8226-d91406826dd6,
c75efe9f-05ce-400b-a59b-9002a167204a,Philip Baker Hall,0,3,73f2b38e-2c68-4c65-997d-1e7091682e34,
3ae28710-af89-4d61-8e1b-d5d252e166b1,Time Travel,0,3,ce01a65e-2290-4a9b-baeb-05a5a7445004,
6787d46f-10c5-4b97-9d60-4091b1653e23,Jack Ryan mini-Super Draft,4,3,0e8866ba-632e-4ae2-8226-d91406826dd6,
cf5a3ba4-44aa-4f76-86d9-737725f30284,Clu Gulager,0,3,73f2b38e-2c68-4c65-997d-1e7091682e34,
1bde2149-1f79-4e9d-b90c-150789c1a2c8,Classic Christmas,0,3,ce01a65e-2290-4a9b-baeb-05a5a7445004,
55687878-d913-4caa-a21d-54c983743d42,Psycho mini-Super Draft,4,3,0e8866ba-632e-4ae2-8226-d91406826dd6,
74d7f307-a872-49da-bb03-83df1bbe0e00,Angela Lansbury,0,3,73f2b38e-2c68-4c65-997d-1e7091682e34,
18b37052-4535-4649-8fcd-4eacf8603385,Sports,0,3,ce01a65e-2290-4a9b-baeb-05a5a7445004,
375e1dea-ec7c-40c4-b631-fe87b9382bb7,Underworld mini-Super Draft,4,3,0e8866ba-632e-4ae2-8226-d91406826dd6,
8878e7b7-f07b-46bc-91ad-0706addcfce6,Harry Belafonte,0,3,73f2b38e-2c68-4c65-997d-1e7091682e34,
0e7390a6-cfe1-4564-b522-6494497000cc,Dark Christmas,0,3,ce01a65e-2290-4a9b-baeb-05a5a7445004,
8386ca20-6b09-4b77-811f-893fdbd19a66,Home Alone mini-Super Draft,4,3,0e8866ba-632e-4ae2-8226-d91406826dd6,
a232e557-62f2-4122-ab57-327978c936bb,Norman Jewison,0,3,73f2b38e-2c68-4c65-997d-1e7091682e34,
e5be71cf-d991-41ac-996a-f88db567c5f2,Notable Nudes,0,3,ce01a65e-2290-4a9b-baeb-05a5a7445004,
af4b7064-b86a-4104-aced-e91ba03da82a,Die Hard mini-Super Draft,4,3,0e8866ba-632e-4ae2-8226-d91406826dd6,
1c07172a-d0fc-46b7-a599-8d1289d02128,Gena Rowlands,0,3,73f2b38e-2c68-4c65-997d-1e7091682e34,
3588e7c1-42ed-4cee-b83e-9cf014309b10,Christopher Lee,0,3,ce01a65e-2290-4a9b-baeb-05a5a7445004,
162887bc-9c5d-4e2b-9aca-8ed2e58ab670,Tom Ripley mini-Super Draft,4,3,0e8866ba-632e-4ae2-8226-d91406826dd6,
26f0c3a2-e6ec-44ac-ac56-275f0ff94f8e,James Earl Jones,0,3,73f2b38e-2c68-4c65-997d-1e7091682e34,
b75bc471-101c-4a39-a519-41f3efccaf10,Antoine Doinel mini-Super Draft,4,3,0e8866ba-632e-4ae2-8226-d91406826dd6,
1c87ea9e-6023-4c78-8ca8-e1348dc51818,2018 Mega Draft,2,3,ce01a65e-2290-4a9b-baeb-05a5a7445004,17c2bca4-4f8f-644f-b85e-f4c05fd2db06
c568c601-c594-4d09-aefd-60835fffc5e7,Shaft mini-Super Draft,4,3,0e8866ba-632e-4ae2-8226-d91406826dd6,
fac8db87-2002-430e-8540-9e9d25df31aa,Twist Endings,0,3,ce01a65e-2290-4a9b-baeb-05a5a7445004,
68bd0b9d-f928-47c7-be5f-94c18d34f014,The Purge mini-Super Draft,4,3,0e8866ba-632e-4ae2-8226-d91406826dd6,
49ec3cfd-da6e-4f56-bd05-0ac67cfc4f34,Films About Filmmakers,0,3,ce01a65e-2290-4a9b-baeb-05a5a7445004,
995994e0-3786-4dd5-9c7b-0a7300ce8589,Rambo mini-Super Draft,4,3,0e8866ba-632e-4ae2-8226-d91406826dd6,
3e787702-e24f-4a0d-b2b4-4ee9b284f102,Quentin Tarantino,0,3,ce01a65e-2290-4a9b-baeb-05a5a7445004,
595023b6-d236-467a-83d9-1f07cebb6b6e,Police Story mini-Super Draft,4,3,0e8866ba-632e-4ae2-8226-d91406826dd6,
f4eff735-1f2c-46ed-aca5-d9c3b0d0de91,'80s Fantasy,0,3,ce01a65e-2290-4a9b-baeb-05a5a7445004,
acbb20fe-1d7f-4a81-a64c-109f961aa445,Phantasm mini-Super Draft,4,3,0e8866ba-632e-4ae2-8226-d91406826dd6,
16f220f1-c7ff-4628-997e-2e31e31d79a7,Amnesia,0,3,ce01a65e-2290-4a9b-baeb-05a5a7445004,
28bc7cc2-5e42-43ab-b1c6-288e686f7cd1,Herbie mini-Super Draft,4,3,0e8866ba-632e-4ae2-8226-d91406826dd6,
7579285a-3b28-4f08-8acd-f2e70d4d547e,Kubrick,0,3,ce01a65e-2290-4a9b-baeb-05a5a7445004,
ba19277d-c847-45be-bd75-b4cd2455116c,"Silent Night, Deadly Night mini-Super Draft",4,3,0e8866ba-632e-4ae2-8226-d91406826dd6,
a469a0bb-b5e5-44cd-b6e1-5a6f5c48feb9,British Rom-Coms,0,3,ce01a65e-2290-4a9b-baeb-05a5a7445004,
3be7fbc9-64d8-476b-b4c3-58c632b08f67,The Karate Kid mini-Super Draft,4,3,0e8866ba-632e-4ae2-8226-d91406826dd6,
0f480291-42cd-4de7-8477-7d8dd6e713cd,A24,0,3,ce01a65e-2290-4a9b-baeb-05a5a7445004,
f1a9f3e1-1ecb-4bec-b389-b3b5e59b05a9,Ocean's mini-Super Draft,4,3,0e8866ba-632e-4ae2-8226-d91406826dd6,
4a20dafc-cb75-4858-b938-b16b406af897,MCU Super Draft,3,3,ce01a65e-2290-4a9b-baeb-05a5a7445004,
099d28dd-26f3-4074-98ad-620975a0f920,Jacques Demy Connected Universe mini-Super Draft,4,3,0e8866ba-632e-4ae2-8226-d91406826dd6,
07a15e33-ffca-4224-87e8-46073efec33a,Dog Movies,0,3,ce01a65e-2290-4a9b-baeb-05a5a7445004,
9abceeb1-0d25-47b8-a67b-e9aae978a7d9,The Yakuza Papers mini-Super Draft,4,3,0e8866ba-632e-4ae2-8226-d91406826dd6,
5c1326ed-7fa1-4cd0-b336-a8a968c69b70,Amy Adams,0,3,ce01a65e-2290-4a9b-baeb-05a5a7445004,
5b34604a-404a-4951-92e0-7b117b48e707,The Minions mini-Super Draft,4,3,0e8866ba-632e-4ae2-8226-d91406826dd6,
910e76dd-4f7c-449d-8769-a815ae6041a9,Multiple Roles,0,3,ce01a65e-2290-4a9b-baeb-05a5a7445004,
e6b48aec-647b-4557-b6a0-e9f76b8fbc98,Dirty Harry mini-Super Draft,4,3,0e8866ba-632e-4ae2-8226-d91406826dd6,
43dc286a-6f65-4714-9259-ef910ad269a6,Remakes,0,3,ce01a65e-2290-4a9b-baeb-05a5a7445004,
e62241ad-e76b-47ee-855c-041a5e753a11,Teenage Mutant Ninja Turtles mini-Super Draft,4,3,0e8866ba-632e-4ae2-8226-d91406826dd6,
2d9e2836-39fb-47ed-9ab6-d40a08c4c1a8,Punksploitation,0,3,ce01a65e-2290-4a9b-baeb-05a5a7445004,
e6c00d50-f4ba-4b71-b5c1-3a75969dd094,The Exorcist mini-Super Draft,4,3,0e8866ba-632e-4ae2-8226-d91406826dd6,
9f2425ed-17fc-4746-b4a4-9073251b2f57,"Apatow, Producer",0,3,ce01a65e-2290-4a9b-baeb-05a5a7445004,
9f69bd23-a2d2-4d18-be11-72a61c35cdb9,Monty Python mini-Super Draft,4,3,0e8866ba-632e-4ae2-8226-d91406826dd6,
d7ab4637-8376-491f-8f1a-c8a3651405d1,Erotic Thrillers,0,3,ce01a65e-2290-4a9b-baeb-05a5a7445004,
a53e93ad-d781-44ee-95b5-4c4768387ff3,Barry Levinson's Baltimore mini-Super Draft,4,3,0e8866ba-632e-4ae2-8226-d91406826dd6,
f88a3cde-d149-4e94-92ef-953dc03edbe3,Mixtape Movies,0,3,ce01a65e-2290-4a9b-baeb-05a5a7445004,
400d5869-fc99-4f88-9dd6-fbbe4b3a67e5,Scream mini-Super Draft,4,3,0e8866ba-632e-4ae2-8226-d91406826dd6,
84f92d8c-a6b2-4e94-ab3d-6b7b0fcc0a9e,Creature Features,0,3,ce01a65e-2290-4a9b-baeb-05a5a7445004,
5122b935-c03b-4df7-ab07-b97f68b7ce45,Dragonheart mini-Super Draft,4,3,0e8866ba-632e-4ae2-8226-d91406826dd6,
fe8d1f9c-c915-498a-8ce8-089383df55a5,Humphrey Bogart,0,3,ce01a65e-2290-4a9b-baeb-05a5a7445004,
52b183af-f695-4198-b932-1a23e8eb6ec0,Harry Palmer mini-Super Draft,4,3,0e8866ba-632e-4ae2-8226-d91406826dd6,
c06430fd-2ba2-4a28-91b9-7896650899a6,Disney Animation Studios 2D,0,3,ce01a65e-2290-4a9b-baeb-05a5a7445004,
38468ccc-3fe8-475d-99ef-75c587bd6969,"The ""Modern"" Mummy mini-Super Draft",4,3,0e8866ba-632e-4ae2-8226-d91406826dd6,
30340497-be6a-4b4c-8026-6274e4e1c8ff,Queer Romance,0,3,ce01a65e-2290-4a9b-baeb-05a5a7445004,
77216d25-4a74-4b3a-82c8-516999fe711b,Evil Dead mini-Super Draft,4,3,0e8866ba-632e-4ae2-8226-d91406826dd6,
fd794b27-df5c-4ea8-93e2-72e27d4e0756,Spoofs,0,3,ce01a65e-2290-4a9b-baeb-05a5a7445004,
486148f6-b0a2-409b-960f-275277d2bf65,REC mini-Super Draft,4,3,0e8866ba-632e-4ae2-8226-d91406826dd6,
83bb9106-d6d0-446d-b344-8c597c0b5b09,1999,0,3,ce01a65e-2290-4a9b-baeb-05a5a7445004,
2a7c0d23-0c89-4f5b-9c41-f77ab1702250,Insidious mini-Super Draft,4,3,0e8866ba-632e-4ae2-8226-d91406826dd6,
503706f4-7184-4dce-89ef-05c2ba9eaf6b,Freddy vs. Jason Super Draft,3,3,ce01a65e-2290-4a9b-baeb-05a5a7445004,
4010b329-c2b6-4217-8718-94dcd7d74764,Indiana Jones mini-Super Draft,4,3,0e8866ba-632e-4ae2-8226-d91406826dd6,
73c2ebbd-4005-4aa5-bbb0-d5c71a62f530,2019 (so far),0,3,ce01a65e-2290-4a9b-baeb-05a5a7445004,
d51b1e43-4121-4de2-863c-cf3853187f20,Peanuts mini-Super Draft,4,3,0e8866ba-632e-4ae2-8226-d91406826dd6,
74df5527-3e9e-4b83-bd6d-a0de06e7a476,Serious Kids,0,3,ce01a65e-2290-4a9b-baeb-05a5a7445004,
e341c35f-08c8-40e5-81d8-3db30014cefe,The Invisible Man ('30s/'40s) mini-Super Draft,4,3,0e8866ba-632e-4ae2-8226-d91406826dd6,
c0044d5c-39d0-4826-a9ff-ae6d4cd04ac1,Nicolas Cage Mega Draft,2,3,ce01a65e-2290-4a9b-baeb-05a5a7445004,
9ed444d6-0938-43a8-97da-8d11b863f1bb,The Girl with the Dragon Tattoo/Millennium mini-Super Draft,4,3,0e8866ba-632e-4ae2-8226-d91406826dd6,
6b3cb308-838d-4e13-952f-7d422278c069,Actor's Directorial Debuts,0,3,ce01a65e-2290-4a9b-baeb-05a5a7445004,
94cda846-7f1c-48a6-9b83-74300bc58bb6,The Transporter mini-Super Draft,4,3,0e8866ba-632e-4ae2-8226-d91406826dd6,
249b6e36-93ac-4544-a09c-09e467efa20a,Original Movie Musicals - American,0,3,ce01a65e-2290-4a9b-baeb-05a5a7445004,
974ba839-38bf-4035-a761-f250ef007a40,Mike Hammer mini-Super Draft,4,3,0e8866ba-632e-4ae2-8226-d91406826dd6,
1ae73670-c26c-48e3-bcee-ed881a66cd9c,Almodóvar,0,3,ce01a65e-2290-4a9b-baeb-05a5a7445004,
ea8171f0-bd2e-44c8-beb5-d632e611ed5f,The Omen mini-Super Draft,4,3,0e8866ba-632e-4ae2-8226-d91406826dd6,
3c09fb5c-8108-4b4c-9b08-77a836814ac6,Ensemble Casts,0,3,ce01a65e-2290-4a9b-baeb-05a5a7445004,
cb21e476-29ec-4b96-aced-9901772256e0,The Parent Trap mini-Super Draft,4,3,0e8866ba-632e-4ae2-8226-d91406826dd6,
09df42df-0b32-4201-9725-526aee897927,'90s Action Mega Draft,2,3,ce01a65e-2290-4a9b-baeb-05a5a7445004,
55a81771-c33e-427b-bbaa-a2f7c190926d,Mad Max mini-Super Draft,4,3,0e8866ba-632e-4ae2-8226-d91406826dd6,
85523722-f66d-4be0-97b5-38d144bdfb64,John Carpenter Live,0,3,14d48559-1e51-4d69-bd27-84c191d23263,
6ce3836c-02a9-4a99-8b28-5cda096790b0,The Predator mini-Super Draft,4,3,0e8866ba-632e-4ae2-8226-d91406826dd6,
d6a42926-2d01-4af1-a136-d2250789c800,Horror Prequels,0,3,ce01a65e-2290-4a9b-baeb-05a5a7445004,2fc8dd91-75eb-4213-8838-a3c7f46c88f4
9b58438c-832e-4ca5-a5d8-e89c7d6f7764,Flashpoint: Batman (Franchise mini-Super Draft),4,3,0e8866ba-632e-4ae2-8226-d91406826dd6,
29139dcb-b4be-4319-b626-e03584d3537d,Halloween Movies,0,3,ce01a65e-2290-4a9b-baeb-05a5a7445004,f832aa21-1ab3-4914-bf7e-748644ef7c0a
647bbe5d-5873-436d-b0d9-20fe9455c240,Highlander mini-Super Draft,4,3,0e8866ba-632e-4ae2-8226-d91406826dd6,
60842e15-04d9-4808-b655-09175f439903,Found Footage,0,3,ce01a65e-2290-4a9b-baeb-05a5a7445004,f832aa21-1ab3-4914-bf7e-748644ef7c0a
598aa07f-5b44-4577-a39f-6491ab844a8a,The Gambler mini-Super Draft,4,3,0e8866ba-632e-4ae2-8226-d91406826dd6,
a9074f10-3a23-4a59-a634-a0f64f1dd988,Heist Movies,0,3,ce01a65e-2290-4a9b-baeb-05a5a7445004,
ce63d118-38af-442f-b245-be645b796226,Abbott and Costello Meet the Monsters mini-Super Draft,4,3,0e8866ba-632e-4ae2-8226-d91406826dd6,
d28b3def-2d8a-4148-b663-6062bfdeeb23,Philip Seymour Hoffman,0,3,ce01a65e-2290-4a9b-baeb-05a5a7445004,
ed884257-7f7d-432a-a905-6ad222242247,Sony Spider-man Adjacent (NoVENOMber),4,3,0e8866ba-632e-4ae2-8226-d91406826dd6,
10eeea71-24ef-4542-a47d-8bf190c3e939,Sword & Sorcery,0,3,ce01a65e-2290-4a9b-baeb-05a5a7445004,
7f6461c3-e316-4d17-b10a-fe4ddf5a435e,Oz (Live Action) mini-Super Draft,4,3,0e8866ba-632e-4ae2-8226-d91406826dd6,
7012cec0-8ca3-4f3d-8900-4bc3c8a24aa1,Game Movies,0,3,ce01a65e-2290-4a9b-baeb-05a5a7445004,
425d40c8-892c-479e-b3aa-88cde6ba7357,Allan Quatermain mini-Super Draft,4,3,0e8866ba-632e-4ae2-8226-d91406826dd6,
8e616bc9-1d1c-49e4-9c68-d033faaa28d6,2010s Decade Mega Draft,2,3,ce01a65e-2290-4a9b-baeb-05a5a7445004,
cdc1b36c-e73d-4e7e-a85d-16c4f05dcc2f,Eddie Egan Franchise mini-Super Draft,4,3,0e8866ba-632e-4ae2-8226-d91406826dd6,
0b064375-dddb-425b-85e5-4d4db36cb3ff,Arthouse Christmas,0,3,ce01a65e-2290-4a9b-baeb-05a5a7445004,
f14a2717-31fa-4246-9a94-286812c79122,Kristen Stewart,0,3,ce01a65e-2290-4a9b-baeb-05a5a7445004,b8b002c3-816d-4e7c-87ea-52e2a2be931d
53fddd02-54ca-478a-930c-f069b30cf9c9,2009,0,3,ce01a65e-2290-4a9b-baeb-05a5a7445004,
19965126-7d2f-424c-90d1-c315f5080c99,Star Wars Super Draft,3,3,ce01a65e-2290-4a9b-baeb-05a5a7445004,
5a3ab606-4e9a-4990-9a24-237e731b4c20,Laura Dern,0,3,ce01a65e-2290-4a9b-baeb-05a5a7445004,
6214e864-de17-4b4b-a357-a7b461fe8658,Giallo,0,3,ce01a65e-2290-4a9b-baeb-05a5a7445004,
f45ccefe-c158-4bd1-8803-31a229f78c10,Star Trek Super Draft,3,3,ce01a65e-2290-4a9b-baeb-05a5a7445004,
6eec7b4d-06e0-4916-a091-da264eb57133,2019 Mega Draft,2,3,ce01a65e-2290-4a9b-baeb-05a5a7445004,17c2bca4-4f8f-644f-b85e-f4c05fd2db06
10aa256c-6a5f-4270-b825-660d2807d30a,European Vacation,0,3,ce01a65e-2290-4a9b-baeb-05a5a7445004,
e4b1f984-84e5-41ca-bea9-16d93fb97fdc,Universal Classic Monsters Mini-Mega,1,3,ce01a65e-2290-4a9b-baeb-05a5a7445004,
d9bd3ac3-0b83-4fd9-9d52-f12549d418c2,One Crazy Night,0,3,ce01a65e-2290-4a9b-baeb-05a5a7445004,
98c98d68-702e-41cd-8fa4-c8e212a68546,1992 Horror,0,3,ce01a65e-2290-4a9b-baeb-05a5a7445004,
6921db42-e5a1-4f6b-9fd3-eea25d0ca633,The Cold War,0,3,ce01a65e-2290-4a9b-baeb-05a5a7445004,
1ccd634c-66e7-41ee-a07c-920a48b17423,Max von Sydow,0,3,ce01a65e-2290-4a9b-baeb-05a5a7445004,
f8d983c0-4d4f-4fa3-aa7b-42ab877bf01c,Post-Apocalypse,0,3,ce01a65e-2290-4a9b-baeb-05a5a7445004,
850d1e28-39fb-46e2-b286-ccdcedb2399a,Lorne Michaels,0,3,ce01a65e-2290-4a9b-baeb-05a5a7445004,
916cd2f3-b603-4d2b-94b8-5fc5f66ce9fe,Stuart Gordon,0,3,ce01a65e-2290-4a9b-baeb-05a5a7445004,
9d5d0738-21f6-40f1-a51d-a8d913d8646f,'30s Warner Bros,0,3,ce01a65e-2290-4a9b-baeb-05a5a7445004,
7d513d21-73f2-4db0-8c9d-44f44f02d90d,Kidventure,0,3,ce01a65e-2290-4a9b-baeb-05a5a7445004,
b7f59742-f51f-4dd0-b08c-ac3091ad7802,Steven Soderbergh,0,3,ce01a65e-2290-4a9b-baeb-05a5a7445004,
56d6fc65-4a4f-4a16-b746-b8ec56d6c837,New Camp Classics,0,3,ce01a65e-2290-4a9b-baeb-05a5a7445004,
c7b2f9fe-e314-461a-a7d6-f47a7dc1cc91,Brief Encounters,0,3,ce01a65e-2290-4a9b-baeb-05a5a7445004,
b2a8ab4c-494f-42cc-8531-8c2583ac4a67,Mothers & Daughters,0,3,ce01a65e-2290-4a9b-baeb-05a5a7445004,
54fb4fc9-4d9b-422a-8241-9644e740e59c,Jim Henson,0,3,ce01a65e-2290-4a9b-baeb-05a5a7445004,
323e4bd2-a468-49b5-b4a5-0fbe17d50244,David Cronenberg,0,3,ce01a65e-2290-4a9b-baeb-05a5a7445004,
dc8964c5-6650-438b-bdb3-24012b9c6ca1,Westerns: Part I Mini-Mega,1,3,ce01a65e-2290-4a9b-baeb-05a5a7445004,
a422f5f7-7b4f-41cf-b825-e91299695fa0,60s Musicals,0,3,ce01a65e-2290-4a9b-baeb-05a5a7445004,
11be3620-da93-41ac-bf36-1ac52855a154,Mistaken Identity,0,3,ce01a65e-2290-4a9b-baeb-05a5a7445004,
50ea7a7b-798e-4ab3-8b45-2593e6a740b9,Coen Brothers Super Draft,3,3,ce01a65e-2290-4a9b-baeb-05a5a7445004,
1a069714-7e86-49bc-8eee-2460a510fd1b,July 4th Weekend,0,3,ce01a65e-2290-4a9b-baeb-05a5a7445004,
f6c55a58-801e-4e32-81e2-b98c4e4ba58b,Heavy Metal,0,3,ce01a65e-2290-4a9b-baeb-05a5a7445004,
144ae507-96d4-424b-a098-8bf38741e7ba,Animals Attack!,0,3,ce01a65e-2290-4a9b-baeb-05a5a7445004,
96dc67f2-011a-4ae6-ae2c-59f15336d97c,Sketch Comedy Anthologies,0,3,ce01a65e-2290-4a9b-baeb-05a5a7445004,
fdab7eef-e486-4c11-bcff-a7f37874bab7,Con Artist,0,3,ce01a65e-2290-4a9b-baeb-05a5a7445004,
c30d08cb-6799-4c01-843f-357c6157be5b,Comic Book (Non-Superhero),0,3,ce01a65e-2290-4a9b-baeb-05a5a7445004,
80393bb3-d348-4476-b5db-decad580de5f,Winona Ryder,0,3,ce01a65e-2290-4a9b-baeb-05a5a7445004,1e6f20cd-e459-4f17-942a-a9009fec2ca5
a0414bd9-b808-4b72-8f73-de2a6e0bf9dd,Westerns: Part II Mini-Mega,1,3,ce01a65e-2290-4a9b-baeb-05a5a7445004,
42cc56ac-a9ae-41bd-9745-68a2bf9362fb,70's Horror Mega,2,3,14d48559-1e51-4d69-bd27-84c191d23263,
cc8a3dd8-f1e4-4bf0-890f-afb463cbed84,Road Trip,0,3,ce01a65e-2290-4a9b-baeb-05a5a7445004,
5befc72f-0d6e-4aea-addc-be50b6c1a02e,Wesley Snipes,0,3,ce01a65e-2290-4a9b-baeb-05a5a7445004,
ff363d88-a497-4362-804b-a2c9511d666f,Shakespeare: Part I Mini-Mega,1,3,ce01a65e-2290-4a9b-baeb-05a5a7445004,
b7d6ff6f-2dd3-4363-adef-5bf2e8fe6256,Florida Crime,0,3,ce01a65e-2290-4a9b-baeb-05a5a7445004,
ac8f6ef4-3223-4226-b358-b6cd3a3b8e33,Lucio Fulci,0,3,ce01a65e-2290-4a9b-baeb-05a5a7445004,f832aa21-1ab3-4914-bf7e-748644ef7c0a
0579ebca-89d5-4fd4-8158-34561a0adc27,Horror Remakes,0,3,ce01a65e-2290-4a9b-baeb-05a5a7445004,2fc8dd91-75eb-4213-8838-a3c7f46c88f4
c5d06d78-f98b-4352-829c-7ac5510a1d3a,Alien vs. Predator Super Draft,3,3,ce01a65e-2290-4a9b-baeb-05a5a7445004,f832aa21-1ab3-4914-bf7e-748644ef7c0a
a4bd3e53-80c8-4614-b5ff-06480eeed4fa,Video Nasties - Prosecuted Films,0,3,ce01a65e-2290-4a9b-baeb-05a5a7445004,f832aa21-1ab3-4914-bf7e-748644ef7c0a
627ce97d-3895-42f5-ad4c-8d0a750f81aa,The American President,0,3,ce01a65e-2290-4a9b-baeb-05a5a7445004,
8f1ca106-4b3a-4f62-82df-a1a847053299,Drag,0,3,ce01a65e-2290-4a9b-baeb-05a5a7445004,
caf63b0d-df86-4ce6-91cf-b71190ec6db0,'50s Sci-Fi,0,3,ce01a65e-2290-4a9b-baeb-05a5a7445004,
33ce92e4-4a86-4c67-b75d-79f6f1380867,Pixar Super Draft,3,3,ce01a65e-2290-4a9b-baeb-05a5a7445004,
c9ef9714-4e55-45a7-add3-b03b7b59179f,Friends,0,3,ce01a65e-2290-4a9b-baeb-05a5a7445004,
49a051d0-1af5-4601-96c9-73a6309781ad,TV Adaptations,0,3,ce01a65e-2290-4a9b-baeb-05a5a7445004,
9d907787-44de-4239-9a5a-b978486bc4b8,Westerns: Part III Mini-Mega,1,3,ce01a65e-2290-4a9b-baeb-05a5a7445004,
617a280b-ec34-4329-a405-83ea9a748c53,A Christmas Carol,0,3,ce01a65e-2290-4a9b-baeb-05a5a7445004,
a7634dfd-371f-4b23-a358-a92e5bfa858f,Oliver Assayas Super Draft,3,3,ce01a65e-2290-4a9b-baeb-05a5a7445004,b8b002c3-816d-4e7c-87ea-52e2a2be931d
b1fddc5e-57fb-468c-a972-1bf05664b36b,Shakespeare: Part II Mini-Mega,1,3,ce01a65e-2290-4a9b-baeb-05a5a7445004,
e9466fe6-83c1-4e20-a875-a92d18092cf2,Tony Scott,0,3,ce01a65e-2290-4a9b-baeb-05a5a7445004,
dada16ee-59cd-4d63-bc5d-47491aef571f,John Woo,0,3,ce01a65e-2290-4a9b-baeb-05a5a7445004,
5e2157bf-fdd5-4fe1-9cf1-0d92a3037178,Aquatic Horror,0,3,ce01a65e-2290-4a9b-baeb-05a5a7445004,
6af38676-d011-4ba9-830d-427b4278dcbc,Fictional Musicians Mini-Mega,1,3,ce01a65e-2290-4a9b-baeb-05a5a7445004,
8a437997-f5e0-4f89-a691-fd8457422337,Cannon,0,3,ce01a65e-2290-4a9b-baeb-05a5a7445004,
68e35ab4-4a07-4179-883f-6fe9ce3a0f1d,Relationship Horror,0,3,ce01a65e-2290-4a9b-baeb-05a5a7445004,
88a1fdc5-1551-4354-83de-cbb45eed125c,Hugh Grant,0,3,ce01a65e-2290-4a9b-baeb-05a5a7445004,
a91a6e7e-d2bc-44f8-bbc3-f4dc57127910,Eddie Murphy,0,3,ce01a65e-2290-4a9b-baeb-05a5a7445004,
dce54f7e-bddd-41b8-90eb-4c68d47f5f80,Classic Disney Live Action Adventure,0,3,ce01a65e-2290-4a9b-baeb-05a5a7445004,
47aa102a-71e4-49c7-8d98-db0c0904dde3,Godzilla vs. Kong,0,3,ce01a65e-2290-4a9b-baeb-05a5a7445004,
451f5dd2-6d01-4a34-a05d-9c569a9a03de,George Lucas,0,3,ce01a65e-2290-4a9b-baeb-05a5a7445004,
600b2796-0f03-4eca-84f0-a696a4da0729,Jerry Bruckheimer,0,3,ce01a65e-2290-4a9b-baeb-05a5a7445004,
8615b1eb-5e08-4018-be57-49dea1724315,Minnesota Mini-Mega,0,3,ce01a65e-2290-4a9b-baeb-05a5a7445004,
b345decb-a7e5-4d0b-ba7d-5f2c521f93a0,Private Eyes,0,3,ce01a65e-2290-4a9b-baeb-05a5a7445004,
0754606f-4e74-4655-b3e8-ff567481e294,Kelly Reichardt Super Draft,0,3,ce01a65e-2290-4a9b-baeb-05a5a7445004,
6a26d062-d3c5-4436-bee6-b64603a6940a,BFFFs,0,3,ce01a65e-2290-4a9b-baeb-05a5a7445004,
a11b7caf-c1ed-4353-9534-f546410b8bfc,2020 Mega Draft,2,3,ce01a65e-2290-4a9b-baeb-05a5a7445004,17c2bca4-4f8f-644f-b85e-f4c05fd2db06
e85554eb-016c-4011-b736-d8dde5be866e,'00 Slashers,0,3,ce01a65e-2290-4a9b-baeb-05a5a7445004,
de0a36c2-4fae-404d-ad19-5d00f23e6989,21st Century Best Actress Winning Films,0,3,ce01a65e-2290-4a9b-baeb-05a5a7445004,
af726a83-173b-4c09-9d45-e8253f9de0e9,Movies About Television,0,3,ce01a65e-2290-4a9b-baeb-05a5a7445004,
39eac0ae-a206-4fd4-beee-f9d6b257dfc0,Shakespeare: Part III Mini-Mega,1,3,ce01a65e-2290-4a9b-baeb-05a5a7445004,
eadc2778-07d3-45db-9e19-65b52a2e3234,2010s Directorial Debuts,0,3,ce01a65e-2290-4a9b-baeb-05a5a7445004,
b1626d79-83a0-4ba6-8fad-e390820d072d,James Spader,0,3,ce01a65e-2290-4a9b-baeb-05a5a7445004,
d0113431-158d-4b47-8a85-c8d273dab112,X-Men Super Draft,3,3,ce01a65e-2290-4a9b-baeb-05a5a7445004,
b32b2777-584f-4b90-9af6-e3a327631c52,The Internet,0,3,ce01a65e-2290-4a9b-baeb-05a5a7445004,
253b856d-459e-44da-afeb-a1b03ee53a43,TV Continuations,0,3,ce01a65e-2290-4a9b-baeb-05a5a7445004,
aec7bb37-72ec-4a6e-9cb5-387978576fe7,Hellraiser,0,3,14d48559-1e51-4d69-bd27-84c191d23263,
b05fb914-d305-4307-90fd-5d7fe6b471ce,Natalie Wood,0,3,ce01a65e-2290-4a9b-baeb-05a5a7445004,591f095d-e4f0-4979-bb03-36e46587e5c8
2f0b45bf-e1f4-45cb-944e-fccee2d0dcdb,Legacy Sequels,0,3,ce01a65e-2290-4a9b-baeb-05a5a7445004,
50f9b683-a1cc-4737-8a78-8dbadacb2db5,Video Game Adaptations,0,3,ce01a65e-2290-4a9b-baeb-05a5a7445004,
56416e2b-bae6-469a-b6eb-4fe5909ae1c8,2007,0,3,ce01a65e-2290-4a9b-baeb-05a5a7445004,
c669c00a-0ad1-4ea7-8011-ec7ce1cc3ef5,Wes Craven,0,3,ce01a65e-2290-4a9b-baeb-05a5a7445004,
efb7cf0f-e8ff-49c1-80ee-8392a7bb83ea,Bob Dylan,0,3,ce01a65e-2290-4a9b-baeb-05a5a7445004,
bf9d9ebf-a513-480b-85b7-94c448b1b689,Tremors Super Draft,0,3,ce01a65e-2290-4a9b-baeb-05a5a7445004,
783cd350-251b-40d2-a82a-1e19530e3ac4,Planet Hollywood Mega Draft,2,3,ce01a65e-2290-4a9b-baeb-05a5a7445004,
faab1d5b-7e9a-41ac-a0fc-aa7f3a5f7fc2,Jane Austen,0,3,ce01a65e-2290-4a9b-baeb-05a5a7445004,
697fbe03-80e3-4abb-a833-6ae90ec62ec2,21st Century Australian,0,3,ce01a65e-2290-4a9b-baeb-05a5a7445004,
2d2d935b-6173-430e-9fbd-2a4e8645b823,Dinosaurs,0,3,ce01a65e-2290-4a9b-baeb-05a5a7445004,
77c28491-cb2f-4f02-8731-a2dbcd344918,Canuxploitation,0,3,ce01a65e-2290-4a9b-baeb-05a5a7445004,
bed16451-5501-4af8-9497-770383430bb5,Body Horror,0,3,ce01a65e-2290-4a9b-baeb-05a5a7445004,f832aa21-1ab3-4914-bf7e-748644ef7c0a
e1647c90-8118-4c32-8ace-3af5f395be35,Baseball Mini-Mega,1,3,ce01a65e-2290-4a9b-baeb-05a5a7445004,
91a4ffcf-2c95-4563-90f1-2769f72c575c,Dimension Films,0,3,ce01a65e-2290-4a9b-baeb-05a5a7445004,2fc8dd91-75eb-4213-8838-a3c7f46c88f4
d6b22e85-139b-40ee-a152-d0ae2f3ce226,Mad Scientist,0,3,ce01a65e-2290-4a9b-baeb-05a5a7445004,f832aa21-1ab3-4914-bf7e-748644ef7c0a
9cb66ce6-348c-4be8-ab7d-ad3bf2ee101a,Zombie Mini-Mega,1,3,ce01a65e-2290-4a9b-baeb-05a5a7445004,f832aa21-1ab3-4914-bf7e-748644ef7c0a
d8f91d3d-d590-4bec-9db0-9acbc6718888,James Bond Super Draft,3,3,ce01a65e-2290-4a9b-baeb-05a5a7445004,
f3f8f799-d395-4e53-97f2-7514d0daf536,Serial Killer,0,3,ce01a65e-2290-4a9b-baeb-05a5a7445004,
26b1018c-10cc-444a-996c-d7a50fceb2f8,Oscar Winning Queer Films,0,3,14d48559-1e51-4d69-bd27-84c191d23263,
4a518229-113a-4f2f-a687-1678c1b8bab2,Thanksgiving Weekend,0,3,ce01a65e-2290-4a9b-baeb-05a5a7445004,
c48d94a8-10d6-4a98-8b0e-cfb9f0be67ff,Disney Channel Original Movies,0,3,ce01a65e-2290-4a9b-baeb-05a5a7445004,
22052206-bc08-4dc7-aba7-a10bf5b5f7ce,Razzie Worst Picture Winners,0,3,ce01a65e-2290-4a9b-baeb-05a5a7445004,
e21637af-828a-4793-9ae0-1ebb8122c11f,Christmas-Adjacent,0,3,ce01a65e-2290-4a9b-baeb-05a5a7445004,
23dc7540-0b19-42f0-9471-479332a585a5,British Royal Family,0,3,ce01a65e-2290-4a9b-baeb-05a5a7445004,
d36f97b6-d6a0-4741-b06e-bccfbfdb621e,Rebecca Hall,0,3,ce01a65e-2290-4a9b-baeb-05a5a7445004,b8b002c3-816d-4e7c-87ea-52e2a2be931d
df598849-e608-45e2-a21f-5f64272a783c,Billy Wilder,0,3,ce01a65e-2290-4a9b-baeb-05a5a7445004,
fe602d29-5351-41ff-9ee4-589051c13728,Adult Animation,0,3,ce01a65e-2290-4a9b-baeb-05a5a7445004,
0baf1697-4f58-476e-8c6e-fed56dd63109,Alien Invasion Mini-Mega,1,3,14d48559-1e51-4d69-bd27-84c191d23263,
4e8b675c-a2d6-4611-a6ce-850710482afb,Movies About Screenwriters,0,3,ce01a65e-2290-4a9b-baeb-05a5a7445004,
8c757241-8b40-4e21-8335-e66507ab3849,NASA,0,3,ce01a65e-2290-4a9b-baeb-05a5a7445004,
677c1b04-67be-4e08-b35a-8e92105e77fe,Whoopi Goldberg,0,3,ce01a65e-2290-4a9b-baeb-05a5a7445004,
c3deb2bf-e222-4850-a561-903b9e0affc2,Black Love,0,3,ce01a65e-2290-4a9b-baeb-05a5a7445004,
4a7db6e5-4876-4d77-8ceb-145405bfdfe6,Will Smith,0,3,ce01a65e-2290-4a9b-baeb-05a5a7445004,
69951fdc-89e4-4d4f-90e1-a37afb8db8d7,Courtroom Movies,0,3,ce01a65e-2290-4a9b-baeb-05a5a7445004,
323f3d10-46aa-4b02-b415-b2c78ffedc35,Batman vs. Superman Super Draft,3,3,ce01a65e-2290-4a9b-baeb-05a5a7445004,
a99a2240-6c8a-4ebf-8b02-78ba9d57178a,Gators & Crocs,0,3,ce01a65e-2290-4a9b-baeb-05a5a7445004,
5738014a-5108-4f0b-8598-c50c37a324cd,Happy Madison Productions,0,3,ce01a65e-2290-4a9b-baeb-05a5a7445004,
63388810-2643-41d2-9a69-1c93651bf3e4,2021 Mega Draft,2,3,ce01a65e-2290-4a9b-baeb-05a5a7445004,17c2bca4-4f8f-644f-b85e-f4c05fd2db06
defa306e-1bd4-440a-9ff5-1d9af35cbe9d,21st Century Female Action,0,3,ce01a65e-2290-4a9b-baeb-05a5a7445004,
c7321f65-ffc3-431e-88cb-339b7a79b841,Penelope Spheeris,0,3,14d48559-1e51-4d69-bd27-84c191d23263,
c25dd6a1-0ee3-4334-833c-7952bcfb78fe,Ray Harryhausen,0,3,ce01a65e-2290-4a9b-baeb-05a5a7445004,
85efd689-b8d0-48d7-a7c9-39f1814d38ee,M. Night Shyamalan Super Draft,0,3,ce01a65e-2290-4a9b-baeb-05a5a7445004,
72eba291-b6fe-4e1c-aa0d-faa5384b467b,Orson Welles,0,3,ce01a65e-2290-4a9b-baeb-05a5a7445004,
6f6ebb18-1b60-4027-bc68-3d4403b05e2f,Space Horror,0,3,ce01a65e-2290-4a9b-baeb-05a5a7445004,
63627fba-b871-4640-88df-4edde83984e6,'70s Sports,0,3,ce01a65e-2290-4a9b-baeb-05a5a7445004,
8a3d1569-fde9-45a8-96e9-414343cd9204,Dance,0,3,ce01a65e-2290-4a9b-baeb-05a5a7445004,
ec526468-89f5-4b7c-bd21-ecce07853220,1997 Mini-Mega,1,3,ce01a65e-2290-4a9b-baeb-05a5a7445004,d10f3b6f-eacf-40fd-b479-90dc421638df
3eacfbe9-0089-48bd-90cb-a8ce1bb72f16,Hotels & Motels,0,3,ce01a65e-2290-4a9b-baeb-05a5a7445004,
f6cd9fef-24ad-41a7-911d-e1f6067d56b7,John Waters,0,3,ce01a65e-2290-4a9b-baeb-05a5a7445004,
aaf198a2-dd51-4c9f-a0e5-32e8053ae22f,'90s Directorial Debuts,0,3,ce01a65e-2290-4a9b-baeb-05a5a7445004,
80d44691-eb10-4d66-93a0-749294f77c07,F Cinemascore Super Draft,3,3,ce01a65e-2290-4a9b-baeb-05a5a7445004,
ef933e38-5df1-4197-8075-1f64b1a46871,Ryan Gosling,0,3,ce01a65e-2290-4a9b-baeb-05a5a7445004,
f980e0d9-2ecc-4352-8198-6875f836fec5,"""Retired"" Soderbergh Super Draft",0,3,ce01a65e-2290-4a9b-baeb-05a5a7445004,
8220f8d0-5cde-40e3-b1a1-b1609e453d3a,X / NC-17 / Unrated,0,3,ce01a65e-2290-4a9b-baeb-05a5a7445004,
9f720d3d-2b15-43b3-ab81-a3aafa8d9603,The Beatles,0,3,ce01a65e-2290-4a9b-baeb-05a5a7445004,
ebefe012-413c-4685-b9d1-70256a142d17,Hallmark Christmas Mini-Mega,1,3,ce01a65e-2290-4a9b-baeb-05a5a7445004,
46c5bad0-f057-4dfe-aa9c-9ee63a594ce2,Agatha Christie,0,3,ce01a65e-2290-4a9b-baeb-05a5a7445004,
d586fc24-6291-4521-a29b-fc6852e088a7,Denzel Washington Mini-Mega,1,3,ce01a65e-2290-4a9b-baeb-05a5a7445004,
f592eefe-cca9-47be-b89a-bd28c20ec5c0,Directors' Final Films,0,3,ce01a65e-2290-4a9b-baeb-05a5a7445004,
7216c2d5-e176-4382-b048-10ac7ad25e1f,Sam Peckinpah,0,3,ce01a65e-2290-4a9b-baeb-05a5a7445004,
0474d3c0-268d-47fc-9a29-44314c3e6480,Agnès Varda,0,3,ce01a65e-2290-4a9b-baeb-05a5a7445004,
1e598182-5797-48f3-a7fd-6262fd0d5a44,Godzilla mini-Mega,1,3,ce01a65e-2290-4a9b-baeb-05a5a7445004,
8cfedb6b-38b2-4d7a-ba6f-13ce1e8be7d7,Vintage Con Artist,0,3,ce01a65e-2290-4a9b-baeb-05a5a7445004,
8e7e454e-4acf-4d48-a57a-9b4427d00b83,Kirsten Dunst,0,3,ce01a65e-2290-4a9b-baeb-05a5a7445004,1e6f20cd-e459-4f17-942a-a9009fec2ca5
ebd431a3-7bec-4ae9-90aa-c25a7acd2891,A24 Horror,0,3,ce01a65e-2290-4a9b-baeb-05a5a7445004,2fc8dd91-75eb-4213-8838-a3c7f46c88f4
99b55149-adb7-4ebd-becf-23959e854640,Horror Comedy mini-Mega,1,3,ce01a65e-2290-4a9b-baeb-05a5a7445004,f832aa21-1ab3-4914-bf7e-748644ef7c0a
03f83e2c-3925-41bd-90be-e8bb60dde23c,Tobe Hooper,0,3,ce01a65e-2290-4a9b-baeb-05a5a7445004,f832aa21-1ab3-4914-bf7e-748644ef7c0a
fff98f66-b2ec-495b-a49b-9d5a671e8c24,High School Horror mini-Mega,1,3,ce01a65e-2290-4a9b-baeb-05a5a7445004,f832aa21-1ab3-4914-bf7e-748644ef7c0a
922208d2-4f92-45a9-abac-113b2171e5c3,Akira Kurosawa,0,3,ce01a65e-2290-4a9b-baeb-05a5a7445004,
dc9415c5-7cdc-48e9-9bd8-0c3f41d59a60,Teacher Movies,0,3,ce01a65e-2290-4a9b-baeb-05a5a7445004,
40536309-f349-44cc-ac31-88b11b218225,Paul Newman mini-Mega,1,3,ce01a65e-2290-4a9b-baeb-05a5a7445004,591f095d-e4f0-4979-bb03-36e46587e5c8
636c615a-3ae5-4045-930d-bea21f4b8dc7,MCU Phase 4 Super Draft,3,3,ce01a65e-2290-4a9b-baeb-05a5a7445004,
e529f6ed-1e70-4d50-b89e-61e1d9d5fff0,Best Picture Follow-ups mini-Mega,1,3,ce01a65e-2290-4a9b-baeb-05a5a7445004,
98f7d2c8-4acb-44d5-97cc-16ae7046b746,Arthurian Legend,0,3,ce01a65e-2290-4a9b-baeb-05a5a7445004,
d055c8f0-c2d4-48b8-a4d1-f2e188186528,Christmas Horror,0,3,ce01a65e-2290-4a9b-baeb-05a5a7445004,
78b3013f-6bce-404d-96c3-f23bc45d1ac9,Colin Farrell mini-Mega,1,3,ce01a65e-2290-4a9b-baeb-05a5a7445004,
a5aae4d9-2ec3-4fae-a77a-a863f2c718f8,Steven Spielberg Super Draft,3,3,ce01a65e-2290-4a9b-baeb-05a5a7445004,
06083dda-00ab-4215-a597-ff70227c0bd2,Spielberg Produced Mega Draft,2,3,ce01a65e-2290-4a9b-baeb-05a5a7445004,b8b002c3-816d-4e7c-87ea-52e2a2be931d
99b67ad5-767d-4d2e-937b-6396413811cc,Black Queer Films,0,3,14d48559-1e51-4d69-bd27-84c191d23263,
138c61c1-b50e-4541-b232-0f3690b9f864,Obsession Thrillers,0,3,ce01a65e-2290-4a9b-baeb-05a5a7445004,
db9d722a-619e-4257-b594-e6e79941eae9,Chucky Super Draft,3,3,ce01a65e-2290-4a9b-baeb-05a5a7445004,
aa038bb4-4b29-4e36-9138-5560b19b6d7b,Independent Spirit Best First Feature Award Winners,0,3,ce01a65e-2290-4a9b-baeb-05a5a7445004,
3d39537e-9cb8-4946-8f66-c65c5642756c,2022 Mega Draft,2,3,ce01a65e-2290-4a9b-baeb-05a5a7445004,17c2bca4-4f8f-644f-b85e-f4c05fd2db06
90368a14-f377-4dbf-82a9-d150c098a18e,Cults,0,3,ce01a65e-2290-4a9b-baeb-05a5a7445004,
8d05e361-a381-453b-b5f1-a5a0dce736dd,Train Movies,0,3,ce01a65e-2290-4a9b-baeb-05a5a7445004,
f2fc3063-21a8-4e8c-878a-a9177e25b593,'70s Conspiracy Thrillers,0,3,ce01a65e-2290-4a9b-baeb-05a5a7445004,
e043ebdb-0bd7-4de7-92e6-03a93485d2de,Robots mini-Mega Live,1,3,14d48559-1e51-4d69-bd27-84c191d23263,
a03f6f2d-f505-4051-ab29-a059bbe7564f,Anne Hathaway,0,3,ce01a65e-2290-4a9b-baeb-05a5a7445004,1e6f20cd-e459-4f17-942a-a9009fec2ca5
cf30c944-0e91-448b-92f0-628293dce8a0,Music Docs,0,3,ce01a65e-2290-4a9b-baeb-05a5a7445004,
4d9b9db2-917c-4fe4-9f72-3b8dc6650874,John Grisham Super Draft,3,3,ce01a65e-2290-4a9b-baeb-05a5a7445004,
25952d95-6ddf-421d-af78-9e68cf93e922,2012,0,3,14d48559-1e51-4d69-bd27-84c191d23263,
c3b498e9-a239-4122-a1e4-dc69a2e829ae,Bong Joon-ho Super Draft,0,3,ce01a65e-2290-4a9b-baeb-05a5a7445004,
555bd336-219b-4d34-8987-591e9db89ecd,Rock vs. Diesel mini-Mega,1,3,ce01a65e-2290-4a9b-baeb-05a5a7445004,
fe806757-3b4e-49d0-98ac-12970faffa7c,Jukebox Musicals,0,3,ce01a65e-2290-4a9b-baeb-05a5a7445004,
46271d68-2d03-4d7d-92b8-9bfd8d076e4c,Merchant / Ivory,0,3,ce01a65e-2290-4a9b-baeb-05a5a7445004,
4a244445-1e66-4789-9a49-5aba6b56d596,Queer Studio Movies,0,3,ce01a65e-2290-4a9b-baeb-05a5a7445004,
d8e6f551-acf7-4fc5-897a-260b010a45a9,Harrison Ford mini-Mega,1,3,ce01a65e-2290-4a9b-baeb-05a5a7445004,
8a762c79-147d-4633-a96a-1307abf923bb,Rocky/Creed Super Draft,3,3,ce01a65e-2290-4a9b-baeb-05a5a7445004,
4e54656c-9a28-4d31-9021-ad28ebca8824,Screwball Comedy mini-Mega,1,3,ce01a65e-2290-4a9b-baeb-05a5a7445004,
9f6851bb-6275-4835-ab81-ca0dcb28ffd4,Union Movies,0,3,ce01a65e-2290-4a9b-baeb-05a5a7445004,
dbed636d-8e7f-496c-907e-8b012649ad8e,Fivequels,0,3,ce01a65e-2290-4a9b-baeb-05a5a7445004,
87f97803-50f7-4785-89bd-0b93ea3d0333,'90s Superhero,0,3,ce01a65e-2290-4a9b-baeb-05a5a7445004,
4d8c1fc2-5d64-4009-942e-8f4881561ed2,George Clooney,0,3,ce01a65e-2290-4a9b-baeb-05a5a7445004,
faf5fb50-3452-4aa6-8517-7629ec5846ed,Screenwriters' Directorial Debuts,0,3,ce01a65e-2290-4a9b-baeb-05a5a7445004,
1ddb44ea-7598-4d19-a6ca-0605192cd76f,Country Music,0,3,ce01a65e-2290-4a9b-baeb-05a5a7445004,
af5fd1ec-65d3-42fc-9f02-e82dd069a8c9,Queer Crime,0,3,ce01a65e-2290-4a9b-baeb-05a5a7445004,
38ab5f31-064f-4038-994a-40d5befd8572,Vietnam War mini-Mega,1,3,ce01a65e-2290-4a9b-baeb-05a5a7445004,
c93ef049-aeca-4112-baf1-8ffe36152d57,Greta Gerwig,0,3,ce01a65e-2290-4a9b-baeb-05a5a7445004,
f87ee4f2-ccf1-4969-9eac-7dc9be5dce62,1998 mini-Mega Draft,1,3,ce01a65e-2290-4a9b-baeb-05a5a7445004,d10f3b6f-eacf-40fd-b479-90dc421638df
021d8222-b169-4f9b-8cfa-0163d08a6b62,Blumhouse,0,3,ce01a65e-2290-4a9b-baeb-05a5a7445004,2fc8dd91-75eb-4213-8838-a3c7f46c88f4
32386f43-e767-4268-830d-cdd11b1ffae5,Home Invasion,0,3,ce01a65e-2290-4a9b-baeb-05a5a7445004,f832aa21-1ab3-4914-bf7e-748644ef7c0a
76966fee-5797-4ed9-8a60-73d79df4c269,Two Thumbs Down,0,3,ce01a65e-2290-4a9b-baeb-05a5a7445004,
812b0ef8-7124-470d-8acd-aee50fc8202f,Saw Super Draft,3,3,ce01a65e-2290-4a9b-baeb-05a5a7445004,f832aa21-1ab3-4914-bf7e-748644ef7c0a
b2c197ca-a269-498f-a7dc-5642cd5825ee,Halloween Super Draft,3,3,ce01a65e-2290-4a9b-baeb-05a5a7445004,f832aa21-1ab3-4914-bf7e-748644ef7c0a
a06df285-e5e0-4dd9-a5ff-2a9881d9198d,Don Bluth Super Draft,3,3,ce01a65e-2290-4a9b-baeb-05a5a7445004,
d295a410-df94-4687-b78c-bb3ed5e294a9,Disney Animation Studios Mega Draft,2,3,ce01a65e-2290-4a9b-baeb-05a5a7445004,
28ead34f-1422-4b3b-a35f-39b4d213987a,Ralph Bakshi Super Draft,3,3,ce01a65e-2290-4a9b-baeb-05a5a7445004,
6d250ee7-39ec-41b5-bc46-1c6575c61416,Judy Garland,0,3,ce01a65e-2290-4a9b-baeb-05a5a7445004,591f095d-e4f0-4979-bb03-36e46587e5c8
b5aedaca-4697-4139-b3d5-077941abd9a2,'80s Sports mini-Mega,1,3,ce01a65e-2290-4a9b-baeb-05a5a7445004,
e7619aca-74ec-4ca7-99e0-7217583faa25,AARP Action,0,3,ce01a65e-2290-4a9b-baeb-05a5a7445004,
315c10c7-981b-430c-a4b1-f1b2b37233bf,Juliette Binoche mini-Mega,1,3,ce01a65e-2290-4a9b-baeb-05a5a7445004,b8b002c3-816d-4e7c-87ea-52e2a2be931d
6c28036b-2896-438f-8f82-5e97a7c827c7,Martin Scorsese Super Draft,3,3,ce01a65e-2290-4a9b-baeb-05a5a7445004,
297da054-5c5a-450d-a077-433c6cd0c118,Criterion World Cinema Project,0,3,ce01a65e-2290-4a9b-baeb-05a5a7445004,
7f4b5b4c-066f-4199-a0ba-ab23fc434c8a,Scorsese Produced mini-Mega,1,3,ce01a65e-2290-4a9b-baeb-05a5a7445004,
3077ea32-3625-4710-a209-255dfed11a1c,Queer Comedy,0,3,14d48559-1e51-4d69-bd27-84c191d23263,
c24f0ae3-7360-4f16-b1b1-3e61b27ea81d,Ozploitation,0,3,ce01a65e-2290-4a9b-baeb-05a5a7445004,
6b925ced-9f3d-4016-adce-d102351d9e2c,Stephen King mini-Mega,1,3,ce01a65e-2290-4a9b-baeb-05a5a7445004,
3e32b2e2-448a-4baf-864a-750cd7dbf505,2023 Mega Draft,2,3,ce01a65e-2290-4a9b-baeb-05a5a7445004,17c2bca4-4f8f-644f-b85e-f4c05fd2db06
f2491ed0-eb3a-451b-8bae-83a2adea7e81,Horror Musicals,0,3,ce01a65e-2290-4a9b-baeb-05a5a7445004,
8cbce425-f4d3-4386-a9b5-e6cb4b9f2605,2009 Horror,0,3,ce01a65e-2290-4a9b-baeb-05a5a7445004,
713d68ff-f402-4601-9c0b-c614ed4def0e,Jodie Foster,0,3,ce01a65e-2290-4a9b-baeb-05a5a7445004,
0333905c-04f1-41ef-8bc2-8524b7fc40a2,Lynn Shelton Super Draft,3,3,ce01a65e-2290-4a9b-baeb-05a5a7445004,
a903b13e-9bd4-4e80-8fc7-f1727e81caac,Aaron Sorkin Super Draft,3,3,ce01a65e-2290-4a9b-baeb-05a5a7445004,
bd99691c-fa85-4a0f-985b-9656fda72e25,Action Sequels,0,3,ce01a65e-2290-4a9b-baeb-05a5a7445004,
9dbc1993-41b6-48a4-aef9-4414d8cfc1d0,The Afterlife,0,3,ce01a65e-2290-4a9b-baeb-05a5a7445004,
8366838a-29b4-4fa7-9b33-5e82c655a65f,Horror Anthologies,0,3,ce01a65e-2290-4a9b-baeb-05a5a7445004,
547b404c-ae95-432c-bf3e-589a2f888c91,Vinegar Syndrome,0,3,ce01a65e-2290-4a9b-baeb-05a5a7445004,
d2405792-9185-4316-b906-9c7b5cc883af,Booed at Cannes,0,3,ce01a65e-2290-4a9b-baeb-05a5a7445004,
7dac10ab-502e-4c25-8962-dd3bf22b3f41,Natalie Portman,0,3,ce01a65e-2290-4a9b-baeb-05a5a7445004,1e6f20cd-e459-4f17-942a-a9009fec2ca5
bfa97ed2-edb1-4f7d-bec8-d2575a689ac1,Planet of the Apes Super Draft,3,3,ce01a65e-2290-4a9b-baeb-05a5a7445004,
97c3343e-3faa-4b10-807d-46e05892ccd5,MTV Movie Awards Best Kiss Winners,0,3,ce01a65e-2290-4a9b-baeb-05a5a7445004,
81afadb4-7416-40ec-9e01-adc4bd6eebfb,Geena Davis,0,3,ce01a65e-2290-4a9b-baeb-05a5a7445004,
b3c06513-ee8a-4e66-9374-9910c815ce2e,Joel Schumacher mini-Mega,1,3,ce01a65e-2290-4a9b-baeb-05a5a7445004,
d47c10da-441a-447e-8702-6b658d29bf7a,Lesbians mini-Mega,1,3,ce01a65e-2290-4a9b-baeb-05a5a7445004,
c5261d95-0487-4bd6-82f6-a21f982eb92f,Angela Bassett,0,3,ce01a65e-2290-4a9b-baeb-05a5a7445004,
cfefffc4-377f-4034-972e-c36acdfe4e7d,1939 mini-Mega,1,3,ce01a65e-2290-4a9b-baeb-05a5a7445004,
918d5de8-bfa6-4050-a34b-36ed89a847e1,Supernatural Kids,0,3,ce01a65e-2290-4a9b-baeb-05a5a7445004,
d3d45e54-dec3-4cc4-ba3c-6bcc9e4bbe13,Jean-Claude Van Damme,0,3,ce01a65e-2290-4a9b-baeb-05a5a7445004,
896d0371-4ef7-4d42-bee4-3922ca33f575,Retail Hell,0,3,ce01a65e-2290-4a9b-baeb-05a5a7445004,
cace339d-5195-4fe6-8f55-a61b4f5fe67a,1994 mini-Mega,1,3,ce01a65e-2290-4a9b-baeb-05a5a7445004,
3dfa5437-fafc-4180-9c22-8d542d6915dc,Michael Mann Super Draft,3,3,ce01a65e-2290-4a9b-baeb-05a5a7445004,
117cdc3b-394d-4860-9c66-96ef8f087005,Castaways,0,3,ce01a65e-2290-4a9b-baeb-05a5a7445004,
a16a1d3d-d722-4faf-b3e7-61a4105df705,Michael Crichton Super Draft,3,3,ce01a65e-2290-4a9b-baeb-05a5a7445004,
951669da-7574-45e4-b137-5d3e5c223732,Elmore Leonard,0,3,ce01a65e-2290-4a9b-baeb-05a5a7445004,
0ec35dc6-3ec6-4285-a4e3-914afe3b656d,'90s Sports mini-Mega,1,3,ce01a65e-2290-4a9b-baeb-05a5a7445004,
d5b4c009-4aaf-4c9f-b7e2-735630e94e9b,Patricia Highsmith,0,3,ce01a65e-2290-4a9b-baeb-05a5a7445004,
d3cc9324-7fc4-4801-8b2c-4dc583bfecdb,Bookstore & Library Movies,0,3,ce01a65e-2290-4a9b-baeb-05a5a7445004,
a4546d89-01f7-4c4c-8e93-84c0b2582616,1977 Horror,0,3,ce01a65e-2290-4a9b-baeb-05a5a7445004,2fc8dd91-75eb-4213-8838-a3c7f46c88f4
eeef2600-15d1-416e-afcd-5d1c0e57617e,Erotic Horror,0,3,ce01a65e-2290-4a9b-baeb-05a5a7445004,f832aa21-1ab3-4914-bf7e-748644ef7c0a
d072c1ff-c9fb-4de5-84be-ea96abc7e22b,Rural Horror,0,3,ce01a65e-2290-4a9b-baeb-05a5a7445004,f832aa21-1ab3-4914-bf7e-748644ef7c0a
830e5494-852d-4027-bf31-ade4d9a155b9,Classic Hammer Horror mini-Mega,1,3,ce01a65e-2290-4a9b-baeb-05a5a7445004,f832aa21-1ab3-4914-bf7e-748644ef7c0a
6f00ca47-189f-4268-adf6-e87cb8d9bc57,Alfred Hitchcock Mega Draft,2,3,ce01a65e-2290-4a9b-baeb-05a5a7445004,
d2b290e0-71b3-4b6b-8e29-f8a89798f60d,François Truffaut Super Draft,3,3,ce01a65e-2290-4a9b-baeb-05a5a7445004,
bd10427f-c065-4db0-92a9-9e4282b03630,Holiday Horror (Non Christmas & Halloween),0,3,ce01a65e-2290-4a9b-baeb-05a5a7445004,
5da29ec2-275a-486c-8fae-badab3ac8f47,Charlie Kaufman Super Draft,3,3,ce01a65e-2290-4a9b-baeb-05a5a7445004,
a11830de-769b-459e-af87-808650614a87,Whit Stillman mini-Super Draft,3,3,ce01a65e-2290-4a9b-baeb-05a5a7445004,b8b002c3-816d-4e7c-87ea-52e2a2be931d
8a631c4b-916b-4723-8bfa-c4ab2baa2617,1999 mini-Mega,1,3,ce01a65e-2290-4a9b-baeb-05a5a7445004,d10f3b6f-eacf-40fd-b479-90dc421638df
450121bd-52cf-4602-93fb-ec0e45189ab6,Sofia Coppola Super Draft,3,3,ce01a65e-2290-4a9b-baeb-05a5a7445004,
e8249396-1a1a-4aa1-a062-45bf923a793b,Francis Ford Coppola Super Draft,3,3,ce01a65e-2290-4a9b-baeb-05a5a7445004,
67039917-4e60-4d8c-8e59-c66238201d88,American Zoetrope,0,3,ce01a65e-2290-4a9b-baeb-05a5a7445004,
9b8bcd27-dd4d-4461-baff-cc3cd6941b4c,Internet Horror,0,3,ce01a65e-2290-4a9b-baeb-05a5a7445004,
2bba3076-b4e3-4249-b610-45e6b94d7de6,Vincente Minnelli,0,3,ce01a65e-2290-4a9b-baeb-05a5a7445004,
33697c54-2e50-4c21-80e0-d679cc83bb5b,2024 Mega Draft,2,3,ce01a65e-2290-4a9b-baeb-05a5a7445004,17c2bca4-4f8f-644f-b85e-f4c05fd2db06
be9d72df-8d9f-4707-8ff2-8f899379c360,Vacation Horror,0,3,ce01a65e-2290-4a9b-baeb-05a5a7445004,
a01bc796-e43b-41a2-a762-e516814c1841,Texas Chainsaw Massacre Super Draft,3,3,ce01a65e-2290-4a9b-baeb-05a5a7445004,
47218f20-ce24-4fbc-9ec2-5a303335cece,Timothée Chalamet,0,3,ce01a65e-2290-4a9b-baeb-05a5a7445004,
b2dbed71-fc6e-4b22-bfce-6ce382cb0459,True Crime Documentaries,0,3,ce01a65e-2290-4a9b-baeb-05a5a7445004,
3eb452f6-037d-4cb9-b0d3-15a96d391adc,DC Berlantiverse Super Draft,3,3,ce01a65e-2290-4a9b-baeb-05a5a7445004,
67d674bd-4862-4513-93de-b2223240ed2d,Movies Mega Draft,2,3,079607f6-72f4-4eae-8d62-55a3e7c996fc,
7feeeced-1ab9-421a-819b-69ec76deb3ba,TV Shows Mega Draft,2,3,079607f6-72f4-4eae-8d62-55a3e7c996fc,
c6fa1762-d5f4-4cd1-87b6-ca78d5f4d6c3,Dracula mini-Mega Live,1,3,14d48559-1e51-4d69-bd27-84c191d23263,
65ad8d3c-f62c-4fff-ba8c-cdc48d1f3f25,Woods Horror mini-Mega Live,1,3,14d48559-1e51-4d69-bd27-84c191d23263,
2cf6a05f-855b-4275-bf04-be17158325ee,Tony/ Dan Gilroy,0,3,ce01a65e-2290-4a9b-baeb-05a5a7445004,
a8cd488d-a7de-4b64-b26d-b0fb8d90397f,Body Swap,0,3,ce01a65e-2290-4a9b-baeb-05a5a7445004,
0c34af1f-cdea-4733-b689-49216be2f852,Disney Attractions Super Draft,3,3,ce01a65e-2290-4a9b-baeb-05a5a7445004,
f00bc083-4048-4d3a-8853-adaf99e0d155,Stalked by My Doctor,4,3,0e8866ba-632e-4ae2-8226-d91406826dd6,
2211c7d8-5482-4c5e-a814-c64260d0e438,Scorsese Short Films Super Draft,3,3,3de9d647-af48-492c-98e0-00ca3909c4d6,
fbdb9775-3a5c-4756-a6f0-d35c83453250,Scorsese Miscellaneous Documentaries,0,3,3de9d647-af48-492c-98e0-00ca3909c4d6,
9bcd5fcb-f349-4c0d-9351-b360edf3350e,90's School Rom-Coms,0,3,ce01a65e-2290-4a9b-baeb-05a5a7445004,
e0b6ece6-86fc-479a-b38a-abc145d8acef,Gene Hackman mini-Mega,1,3,ce01a65e-2290-4a9b-baeb-05a5a7445004,
13397a29-c491-4052-809c-2c793c2b4f64,The Two Coreys,0,3,ce01a65e-2290-4a9b-baeb-05a5a7445004,
317b0b9a-e523-4ebd-98a9-98918095d88d,Mission Impossible Super Draft,3,3,5700a8e8-9ae1-45a5-98a7-fa258facf479,
35f894e9-642d-44d9-adce-8c16fa69992a,Cameron Crowe,0,3,ce01a65e-2290-4a9b-baeb-05a5a7445004,
5ed8392a-b17c-4d68-8580-79a59e53d59f,John Patrick Shanley,3,3,ce01a65e-2290-4a9b-baeb-05a5a7445004,
dde4bf07-2b1c-47d9-8595-c1840ff175a5,Time Loop,0,3,ce01a65e-2290-4a9b-baeb-05a5a7445004,
25bb2b67-3d7f-4871-baf4-51ffa3d77a63,SyFy Channel Original Movies,0,3,ce01a65e-2290-4a9b-baeb-05a5a7445004,
5cb30946-79ef-4dc5-8ca8-fa83ddd6286f,Kathryn Bigelow Super Draft,3,3,ce01a65e-2290-4a9b-baeb-05a5a7445004,
db4f2e2a-90f3-4003-a7a5-b2403140cfa0,The Hunger Games mini-Super Draft,4,3,0e8866ba-632e-4ae2-8226-d91406826dd6,
6828cb01-0b86-4fa1-9fa6-646acc71849e,Action Comedy,0,3,ce01a65e-2290-4a9b-baeb-05a5a7445004,
a1a0f749-0ccd-442f-ba2b-3ae571bb33c6,2000's Sports mini-Mega,1,3,ce01a65e-2290-4a9b-baeb-05a5a7445004,
a6a5d182-cbb7-4851-bbcd-f3b4910e7a79,Standalone (non-franchise) Sci-Fi,0,3,ce01a65e-2290-4a9b-baeb-05a5a7445004,
fe10cf03-f9a7-48d4-9a0d-0e4642cdc61a,The World of John Wick mini-Super Draft,4,3,0e8866ba-632e-4ae2-8226-d91406826dd6,
3e1b0bbd-7f1f-4e62-88ee-041f94deaefb,21st Century Best Supporting Actress Winning Films,0,3,ce01a65e-2290-4a9b-baeb-05a5a7445004,
47af1943-96ec-4d68-81b9-fb200f9a03f0,Movies About Theatre mini-Mega,1,3,ce01a65e-2290-4a9b-baeb-05a5a7445004,
c7a21276-9981-41a0-9e12-01c48502dcc8,Peter Jackson Super Draft,3,3,ce01a65e-2290-4a9b-baeb-05a5a7445004,
dfd8689a-fcb0-4099-96b5-90f6551c8039,Car Racing,0,3,ce01a65e-2290-4a9b-baeb-05a5a7445004,
8f771395-1bcf-4a54-83d2-2e8c9543c18b,Neon mini-Mega,1,3,ce01a65e-2290-4a9b-baeb-05a5a7445004,
05f5ef35-a085-4505-94fe-bd6e9b271691,Bigfoot & Cryptids,0,3,ce01a65e-2290-4a9b-baeb-05a5a7445004,
16a24fbd-dbd2-4623-85bd-ccff53b1d175,Mockumentary,0,3,ce01a65e-2290-4a9b-baeb-05a5a7445004,
73568f45-7b16-4dbc-9e66-b05b9f3d56d9,Quatermass Franchise mini-Super Draft,4,3,0e8866ba-632e-4ae2-8226-d91406826dd6,
835e78f2-4666-43d8-98df-73464feaf464,70's Comedy mini-Mega,1,3,ce01a65e-2290-4a9b-baeb-05a5a7445004,
e5b9261f-4839-4d5e-9d49-b456bf659b11,Dario Argento,0,3,ce01a65e-2290-4a9b-baeb-05a5a7445004,f832aa21-1ab3-4914-bf7e-748644ef7c0a
ec546253-93dd-4894-895a-166c5b2abfe7,College Girls,0,3,ce01a65e-2290-4a9b-baeb-05a5a7445004,
355c2291-80a9-4c33-bd85-7664f9a897a8,Movies II: The Undrafted,2,3,079607f6-72f4-4eae-8d62-55a3e7c996fc,
c23199f2-25e3-4729-8152-1e08ad48213a,Summer 2025,0,3,ce01a65e-2290-4a9b-baeb-05a5a7445004,
39ed0c30-f242-46ca-ab35-6df1ff72617c,Beverly Hills Cop mini-Super Draft,4,3,0e8866ba-632e-4ae2-8226-d91406826dd6,
9d88e5a5-b183-4677-b0f4-eb992d2910bf,00s Horror mini-Mega,1,3,ce01a65e-2290-4a9b-baeb-05a5a7445004,f832aa21-1ab3-4914-bf7e-748644ef7c0a
47aa782b-950d-4eea-a032-deeea4cc4abf,Pippi Longstocking Franchise mini-Super Draft,4,3,0e8866ba-632e-4ae2-8226-d91406826dd6,
208b0ba0-2265-48b5-92d4-1069e25fcdf8,Paranormal Activity Super Draft,3,3,ce01a65e-2290-4a9b-baeb-05a5a7445004,f832aa21-1ab3-4914-bf7e-748644ef7c0a
d74c1515-07a3-4591-a8aa-37167360e62a,Korean Horror,0,3,ce01a65e-2290-4a9b-baeb-05a5a7445004,f832aa21-1ab3-4914-bf7e-748644ef7c0a
c9d40795-fbed-4e95-9aba-dd29cfef85a2,Anaconda Franchise mini-Super Draft,4,3,0e8866ba-632e-4ae2-8226-d91406826dd6,
07438466-1781-409b-9c19-bd7abfac1f8b,Sleepaway Camp Franchise mini-Super Draft,4,3,0e8866ba-632e-4ae2-8226-d91406826dd6,f832aa21-1ab3-4914-bf7e-748644ef7c0a
ea5afabd-674c-4d0a-89f7-4a7d168b2cf6,Female Directed Horror mini-Mega,1,3,ce01a65e-2290-4a9b-baeb-05a5a7445004,f832aa21-1ab3-4914-bf7e-748644ef7c0a
5b2db817-b0f6-482b-a3ec-b6390dd5af25,Paul Verhoeven Super Draft,3,3,ce01a65e-2290-4a9b-baeb-05a5a7445004,
ab3efd0d-a81e-4a68-ad3e-4fe22263365d,Chess,0,3,8e7285fe-e747-0b46-82a3-d2d264d10a54,
59701264-ef3c-42f7-8727-b944aac7bcac,Robert Altman Super Draft,3,1,ce01a65e-2290-4a9b-baeb-05a5a7445004,
08a2f07c-e220-4ea7-8120-13a6cafdef6f,Yorgos Lanthimos Super Draft,3,3,ce01a65e-2290-4a9b-baeb-05a5a7445004,
6a12749f-aa8f-4584-a188-4286caa9ec9b,Errol Flynn & Olivia de Havilland Super Draft,3,3,ce01a65e-2290-4a9b-baeb-05a5a7445004,
9842bb4e-aa23-42a9-87b8-e7f4d93c20f7,Paul W.S. Anderson Super Draft,3,3,ce01a65e-2290-4a9b-baeb-05a5a7445004,
bac6da16-e77e-449d-8d57-73c8a0366548,Wes Anderson Super Draft,3,3,ce01a65e-2290-4a9b-baeb-05a5a7445004,
536b7a6e-8415-40ae-ba1a-f6aec835d7c3,Brad Anderson Super Draft,3,3,ce01a65e-2290-4a9b-baeb-05a5a7445004,
c2b94923-e726-49b8-927d-f027b53ec61e,Paul Thomas Anderson Super Draft,3,3,ce01a65e-2290-4a9b-baeb-05a5a7445004,
ae0d3003-196a-46aa-8009-b4a8b3797949,Miriam Hopkins,0,3,8e7285fe-e747-0b46-82a3-d2d264d10a54,b8b002c3-816d-4e7c-87ea-52e2a2be931d
39caa14d-a65b-4b9b-bf5f-eac523e76039,2000 mini-Mega,1,3,ce01a65e-2290-4a9b-baeb-05a5a7445004,d10f3b6f-eacf-40fd-b479-90dc421638df
3159cf23-57b3-4bc7-b8d4-a04d16057a01,Sidney Poitier mini-Mega,1,3,ce01a65e-2290-4a9b-baeb-05a5a7445004,591f095d-e4f0-4979-bb03-36e46587e5c8
b90b0b93-c909-471a-b959-e5b3aaec1aa1,Snowy Horror,0,3,ce01a65e-2290-4a9b-baeb-05a5a7445004,
d659abc2-5f5a-bd42-9fc1-889bf8c96333,Speed Drafts I,5,3,c2100630-3d3d-4d46-ac07-74a3c960c485,
09f430cf-5488-5a42-9176-bf2eb49907ce,Speed Drafts II,5,3,c2100630-3d3d-4d46-ac07-74a3c960c485,
58ceb2f3-6c7e-944f-acd2-0dda4cde67ed,Speed Drafts III,5,3,c2100630-3d3d-4d46-ac07-74a3c960c485,
7d6110e2-e6b2-0e4f-8708-08f5464796eb,Speed Drafts IV,5,3,c2100630-3d3d-4d46-ac07-74a3c960c485,
c3e63c82-c303-3c4b-9e61-dc67f30ff0e1,Speed Drafts V,5,3,c2100630-3d3d-4d46-ac07-74a3c960c485,
5f815312-9c01-7f47-9fe3-3946333ed29d,Speed Drafts VI,5,3,c2100630-3d3d-4d46-ac07-74a3c960c485,
ef3074aa-fd6d-5d47-9274-92b612c4e078,Speed Drafts VII,5,3,c2100630-3d3d-4d46-ac07-74a3c960c485,
5d4cb69d-698c-6f4b-a2f7-87df6cb1b5a4,Speed Drafts VIII,5,3,c2100630-3d3d-4d46-ac07-74a3c960c485,
996294f1-2567-cd40-9589-02856e146a5d,Speed Drafts IX,5,3,c2100630-3d3d-4d46-ac07-74a3c960c485,
53321646-fc6e-41de-902b-33dfcf1f2fa5,The Matrix Franchise mini-Super Draft,4,3,0e8866ba-632e-4ae2-8226-d91406826dd6,
82b7c206-a594-5f4a-b373-7fe31e602189,Speed Drafts X,5,3,c2100630-3d3d-4d46-ac07-74a3c960c485,
86253551-683b-4623-af74-70158cb45e93,Action Horror,0,0,ce01a65e-2290-4a9b-baeb-05a5a7445004,
cf2f98a2-86d7-45dc-80a3-89275c48c892,Hawke + Linklater Super Draft,3,0,ce01a65e-2290-4a9b-baeb-05a5a7445004,
6853eb01-85f7-4fe0-82b7-eb47ae563899,2025 Mega Draft,2,0,ce01a65e-2290-4a9b-baeb-05a5a7445004,
5d9ea70b-6803-4245-8d1b-53e74fa5616d,Speed Drafts XI,5,3,c2100630-3d3d-4d46-ac07-74a3c960c485,
